accepted_name,coevol_name,mean_gs,mean_height,mean_SLA,mean_sm,genus
Angophora_bakeri,A_bakeri,NA,20,NA,7.91,Angophora
Angophora_costata,A_costata,0.84,27.5,51.535,10.1,Angophora
Angophora_floribunda,A_floribunda,0.83,30,68.36,13.6,Angophora
Angophora_hispida,A_hispida,0.82,8,NA,22.98,Angophora
Angophora_inopina,A_inopina,0.84,8,NA,12.16,Angophora
Angophora_leiocarpa,A_leiocarpa,0.83,NA,61.63,12.48,Angophora
Angophora_melanoxylon,A_melanoxylon,0.8,15,69.08,8.04,Angophora
Angophora_robur,A_robur,NA,10,NA,18.22,Angophora
Angophora_subvelutina,A_subvelutina,0.83,20,NA,7.27,Angophora
Angophora_woodsiana,A_woodsiana,NA,20,NA,26.8,Angophora
Corymbia_abbreviata,C_abbreviata,NA,7,NA,38.4,Corymbia
Corymbia_abergiana,C_abergiana,0.91,12,34.51,NA,Corymbia
Corymbia_aparrerinja,C_aparrerinja,0.98,20,NA,NA,Corymbia
Corymbia_arafurica,C_arafurica,NA,15,NA,NA,Corymbia
Corymbia_arenaria,C_arenaria,NA,7,NA,NA,Corymbia
Corymbia_arnhemensis,C_arnhemensis,NA,15,NA,NA,Corymbia
Corymbia_aspera,C_aspera,NA,15,NA,NA,Corymbia
Corymbia_aureola,C_aureola,0.9,15,44.71,NA,Corymbia
Corymbia_bella,C_bella,0.92,20,NA,NA,Corymbia
Corymbia_blakei,C_blakei,NA,10,NA,NA,Corymbia
Corymbia_bleeseri,C_bleeseri,NA,20,NA,28.57,Corymbia
Corymbia_bloxsomei,C_bloxsomei,0.9,20,50.38,13.15,Corymbia
Corymbia_brachycarpa,C_brachycarpa,0.91,15,NA,NA,Corymbia
Corymbia_bunites,C_bunites,0.93,25,56.34,NA,Corymbia
Corymbia_cadophora,C_cadophora,0.9,6,NA,NA,Corymbia
Corymbia_calophylla,C_calophylla,0.84,40,50.405,NA,Corymbia
Corymbia_candida,C_candida,NA,10,42.08,NA,Corymbia
Corymbia_catenaria,C_catenaria,NA,NA,49.68,NA,Corymbia
Corymbia_chartacea,C_chartacea,NA,8,NA,NA,Corymbia
Corymbia_chippendalei,C_chippendalei,NA,10,NA,NA,Corymbia
Corymbia_citriodora,C_citriodora,0.91,50,66.04,6,Corymbia
Corymbia_clandestina,C_clandestina,0.85,8,NA,NA,Corymbia
Corymbia_clarksoniana,C_clarksoniana,0.91,15,NA,NA,Corymbia
Corymbia_clavigera,C_clavigera,NA,15,NA,NA,Corymbia
Corymbia_cliftoniana,C_cliftoniana,0.9,8,NA,NA,Corymbia
Corymbia_collina,C_collina,NA,10,NA,16.9,Corymbia
Corymbia_confertiflora,C_confertiflora,NA,18,NA,11.2,Corymbia
Corymbia_dallachiana,C_dallachiana,NA,15,NA,NA,Corymbia
Corymbia_dendromerinx,C_dendromerinx,NA,10,NA,NA,Corymbia
Corymbia_deserticola,C_deserticola,0.89,5.5,NA,NA,Corymbia
Corymbia_dichromophloia,C_dichromophloia,0.89,15,NA,20.51,Corymbia
Corymbia_dimorpha,C_dimorpha,NA,NA,43.84,NA,Corymbia
Corymbia_disjuncta,C_disjuncta,NA,15,NA,NA,Corymbia
Corymbia_dolichocarpa,C_dolichocarpa,NA,NA,34.48,NA,Corymbia
Corymbia_dunlopiana,C_dunlopiana,NA,7,NA,NA,Corymbia
Corymbia_ellipsoidea,C_ellipsoidea,0.89,15,NA,NA,Corymbia
Corymbia_eremaea,C_eremaea,0.885,10,36.55,16.39,Corymbia
Corymbia_erythrophloia,C_erythrophloia,0.92,8,NA,NA,Corymbia
Corymbia_eximia,C_eximia,0.89,20,45.39,19.6,Corymbia
Corymbia_ferriticola,C_ferriticola,0.97,15,NA,NA,Corymbia
Corymbia_ferruginea,C_ferruginea,0.9,12,NA,41.6,Corymbia
Corymbia_ficifolia,C_ficifolia,0.88,10,26.69,29.35,Corymbia
Corymbia_flavescens,C_flavescens,NA,15,NA,NA,Corymbia
Corymbia_foelscheana,C_foelscheana,NA,10,NA,28.57,Corymbia
Corymbia_gilbertensis,C_gilbertensis,NA,12,NA,NA,Corymbia
Corymbia_grandifolia,C_grandifolia,NA,16.66666667,NA,28.57,Corymbia
Corymbia_greeniana,C_greeniana,NA,10,NA,NA,Corymbia
Corymbia_gummifera,C_gummifera,0.86,35,48.99,13.85,Corymbia
Corymbia_haematoxylon,C_haematoxylon,0.87,15,53.28,50,Corymbia
Corymbia_hamersleyana,C_hamersleyana,0.91,8,NA,NA,Corymbia
Corymbia_hendersonii,C_hendersonii,0.91,25,47.48,NA,Corymbia
Corymbia_henryi,C_henryi,0.9,25,54.93,13.69,Corymbia
Corymbia_hylandii,C_hylandii,NA,5,NA,NA,Corymbia
Corymbia_intermedia,C_intermedia,0.91,35,62.53,7.02,Corymbia
Corymbia_jacobsiana,C_jacobsiana,NA,15,NA,NA,Corymbia
Corymbia_kombolgiensis,C_kombolgiensis,NA,12,NA,NA,Corymbia
Corymbia_lamprophylla,C_lamprophylla,NA,15,NA,NA,Corymbia
Corymbia_latifolia,C_latifolia,NA,12,NA,22.73,Corymbia
Corymbia_leichhardtii,C_leichhardtii,0.9,15,NA,NA,Corymbia
Corymbia_lenziana,C_lenziana,0.9,10,NA,NA,Corymbia
Corymbia_leptoloma,C_leptoloma,0.9,15,65.52,NA,Corymbia
Corymbia_ligans,C_ligans,0.89,20,NA,NA,Corymbia
Corymbia_maculata,C_maculata,0.9,45,52.59,8.64,Corymbia
Corymbia_nesophila,C_nesophila,NA,30,NA,11.4,Corymbia
Corymbia_novoguinensis,C_novoguinensis,NA,25,NA,NA,Corymbia
Corymbia_oocarpa,C_oocarpa,NA,15,NA,NA,Corymbia
Corymbia_opaca,C_opaca,0.91,NA,NA,18.12,Corymbia
Corymbia_pachycarpa,C_pachycarpa,0.88,6,NA,NA,Corymbia
Corymbia_papillosa,C_papillosa,NA,8,NA,NA,Corymbia
Corymbia_papuana,C_papuana,NA,40,NA,14.19,Corymbia
Corymbia_paractia,C_paractia,NA,8,NA,NA,Corymbia
Corymbia_pauciseta,C_pauciseta,NA,6,NA,NA,Corymbia
Corymbia_peltata,C_peltata,0.9,20,53.98,13.6,Corymbia
Corymbia_petalophylla,C_petalophylla,0.89,15,NA,NA,Corymbia
Corymbia_plena,C_plena,0.91,15,NA,NA,Corymbia
Corymbia_pocillum,C_pocillum,NA,10,NA,NA,Corymbia
Corymbia_polycarpa,C_polycarpa,NA,20,NA,22,Corymbia
Corymbia_polysciada,C_polysciada,0.95,15,NA,NA,Corymbia
Corymbia_porrecta,C_porrecta,NA,20,NA,NA,Corymbia
Corymbia_ptychocarpa,C_ptychocarpa,NA,20,NA,59.4,Corymbia
Corymbia_rhodops,C_rhodops,0.91,15,61.02,NA,Corymbia
Corymbia_scabrida,C_scabrida,0.88,18,NA,NA,Corymbia
Corymbia_serendipita,C_serendipita,0.89,12,NA,NA,Corymbia
Corymbia_setosa,C_setosa,NA,4,NA,33.3,Corymbia
Corymbia_sphaerica,C_sphaerica,NA,10,NA,NA,Corymbia
Corymbia_stockeri,C_stockeri,NA,20,NA,NA,Corymbia
Corymbia_terminalis,C_terminalis,0.87,18,33.94,8.3,Corymbia
Corymbia_tessellaris,C_tessellaris,1.01,35,NA,6.53,Corymbia
Corymbia_torelliana,C_torelliana,0.87,30,NA,3.37,Corymbia
Corymbia_torta,C_torta,NA,15,NA,NA,Corymbia
Corymbia_trachyphloia,C_trachyphloia,0.865,15,NA,7.57,Corymbia
Corymbia_umbonata,C_umbonata,0.9,17,NA,NA,Corymbia
Corymbia_variegata,C_variegata,NA,NA,45.32,NA,Corymbia
Corymbia_watsoniana,C_watsoniana,0.9,15,NA,35.7,Corymbia
Corymbia_xanthope,C_xanthope,0.9,12,NA,NA,Corymbia
Corymbia_zygophylla,C_zygophylla,NA,6,NA,58.8,Corymbia
Eucalyptus_abdita,E_abdita,NA,3,NA,0.5188,Eucalyptus
Eucalyptus_absita,E_absita,1.23,10,50.49,0.17964,Eucalyptus
Eucalyptus_acaciiformis,E_acaciiformis,1.23,20,44.41,2.815,Eucalyptus
Eucalyptus_accedens,E_accedens,1.25,25,NA,4.04,Eucalyptus
Eucalyptus_acies,E_acies,NA,3,NA,3.44,Eucalyptus
Eucalyptus_acmenoides,E_acmenoides,1.1,45,NA,2.737,Eucalyptus
Eucalyptus_adesmophloia,E_adesmophloia,1.26,NA,NA,NA,Eucalyptus
Eucalyptus_aenea,E_aenea,NA,NA,26.64,NA,Eucalyptus
Eucalyptus_aequioperta,E_aequioperta,1.28,10,27.73,0.3492,Eucalyptus
Eucalyptus_agglomerata,E_agglomerata,1.15,40,34.49,5.72,Eucalyptus
Eucalyptus_aggregata,E_aggregata,1.18,20,46.42,0.87,Eucalyptus
Eucalyptus_alaticaulis,E_alaticaulis,1.22,NA,39.97,1.0104,Eucalyptus
Eucalyptus_alatissima,E_alatissima,1.28,NA,NA,NA,Eucalyptus
Eucalyptus_alba,E_alba,1.13,NA,NA,2.09,Eucalyptus
Eucalyptus_albens,E_albens,1.31,25,38.81,NA,Eucalyptus
Eucalyptus_albida,E_albida,1.14,3,27.15,0.8756,Eucalyptus
Eucalyptus_albopurpurea,E_albopurpurea,1.26,5,30.11,0.2912,Eucalyptus
Eucalyptus_alipes,E_alipes,1.3,NA,31.93,0.552,Eucalyptus
Eucalyptus_alligatrix,E_alligatrix,1.21,15,42.82,0.668,Eucalyptus
Eucalyptus_ammophila,E_ammophila,1.27,6,44.94,0.6748,Eucalyptus
Eucalyptus_amplifolia,E_amplifolia,1.225,30,45.67,1.4754,Eucalyptus
Eucalyptus_amygdalina,E_amygdalina,1.14,30,NA,5.24,Eucalyptus
Eucalyptus_ancophila,E_ancophila,1.24,35,NA,0.726,Eucalyptus
Eucalyptus_andrewsii,E_andrewsii,1.12,45,NA,6.820733333,Eucalyptus
Eucalyptus_angophoroides,E_angophoroides,1.2,40,NA,1.05,Eucalyptus
Eucalyptus_angularis,E_angularis,NA,3,NA,NA,Eucalyptus
Eucalyptus_angulosa,E_angulosa,1.26,5,23,6.19,Eucalyptus
Eucalyptus_angustissima,E_angustissima,1.22,4.5,NA,0.4012,Eucalyptus
Eucalyptus_annettae,E_annettae,1.415,NA,NA,NA,Eucalyptus
Eucalyptus_annulata,E_annulata,1.21,7,NA,1.09,Eucalyptus
Eucalyptus_annuliformis,E_annuliformis,NA,3,NA,NA,Eucalyptus
Eucalyptus_apiculata,E_apiculata,1.16,6,33.26,4.61,Eucalyptus
Eucalyptus_apodophylla,E_apodophylla,1.14,NA,NA,1.6,Eucalyptus
Eucalyptus_apothalassica,E_apothalassica,1.09,15,NA,0.3104,Eucalyptus
Eucalyptus_approximans,E_approximans,1.14,6,NA,4.818933333,Eucalyptus
Eucalyptus_aquatica,E_aquatica,NA,NA,NA,0.244,Eucalyptus
Eucalyptus_aquilina,E_aquilina,0.97,7,NA,25,Eucalyptus
Eucalyptus_arachnaea,E_arachnaea,1.28,5,32.96,2.78716,Eucalyptus
Eucalyptus_arborella,E_arborella,1.19,5,45.68,NA,Eucalyptus
Eucalyptus_arcana,E_arcana,1.18,NA,NA,NA,Eucalyptus
Eucalyptus_archeri,E_archeri,1.19,12,NA,2.8,Eucalyptus
Eucalyptus_arenacea,E_arenacea,1.14,10,35.01,1.3972,Eucalyptus
Eucalyptus_arenicola,E_arenicola,1.14,NA,NA,NA,Eucalyptus
Eucalyptus_argillacea,E_argillacea,NA,NA,51.34,4,Eucalyptus
Eucalyptus_argophloia,E_argophloia,1.3,40,58.19,0.51,Eucalyptus
Eucalyptus_argutifolia,E_argutifolia,1.31,4,NA,0.9704,Eucalyptus
Eucalyptus_argyphea,E_argyphea,NA,15,33.35,1.9284,Eucalyptus
Eucalyptus_aromaphloia,E_aromaphloia,1.2,16.5,49.78,1.27,Eucalyptus
Eucalyptus_articulata,E_articulata,1.236666667,3,28.69,0.2375556,Eucalyptus
Eucalyptus_aspersa,E_aspersa,1.23,6,35.04,0.4216,Eucalyptus
Eucalyptus_aspratilis,E_aspratilis,1.24,5,NA,0.6732,Eucalyptus
Eucalyptus_assimilans,E_assimilans,1.37,NA,18.77,NA,Eucalyptus
Eucalyptus_astringens,E_astringens,1.355,15,35.71,4.3752,Eucalyptus
Eucalyptus_atrata,E_atrata,1.29,15,43.38,1.1096,Eucalyptus
Eucalyptus_aurifodina,E_aurifodina,1.16,NA,NA,NA,Eucalyptus
Eucalyptus_badjensis,E_badjensis,1.17,45,56.18,1.86,Eucalyptus
Eucalyptus_baeuerlenii,E_baeuerlenii,1.2,20,NA,5.4,Eucalyptus
Eucalyptus_baileyana,E_baileyana,1.26,40,39.74,27.85,Eucalyptus
Eucalyptus_baiophylla,E_baiophylla,1.28,NA,NA,NA,Eucalyptus
Eucalyptus_bakeri,E_bakeri,1.28,12,29.39,1,Eucalyptus
Eucalyptus_balladoniensis,E_balladoniensis,1.325,5,21.04,1.5352,Eucalyptus
Eucalyptus_bancroftii,E_bancroftii,1.18,15,43.74,2.20028,Eucalyptus
Eucalyptus_banksii,E_banksii,1.24,20,41.62,3.49,Eucalyptus
Eucalyptus_barberi,E_barberi,1.2,8,37.15,1.18,Eucalyptus
Eucalyptus_baudiniana,E_baudiniana,1.25,10,NA,NA,Eucalyptus
Eucalyptus_baueriana,E_baueriana,1.23,20,65.92,1.531,Eucalyptus
Eucalyptus_baxteri,E_baxteri,NA,40,NA,14.2,Eucalyptus
Eucalyptus_beaniana,E_beaniana,1.33,15,29.92,0.4116,Eucalyptus
Eucalyptus_beardiana,E_beardiana,1.24,4,33.87,2.28884,Eucalyptus
Eucalyptus_behriana,E_behriana,1.22,12,NA,0.163,Eucalyptus
Eucalyptus_bensonii,E_bensonii,1.16,8,NA,NA,Eucalyptus
Eucalyptus_benthamii,E_benthamii,1.2,40,67.26,1.36,Eucalyptus
Eucalyptus_beyeriana,E_beyeriana,NA,20,85.71,0.94224,Eucalyptus
Eucalyptus_bigalerita,E_bigalerita,1.17,17,42.79,4.92,Eucalyptus
Eucalyptus_biturbinata,E_biturbinata,NA,NA,61,NA,Eucalyptus
Eucalyptus_blakelyi,E_blakelyi,1.21,25,63.62,0.7934,Eucalyptus
Eucalyptus_blaxellii,E_blaxellii,1.29,3,NA,0.5864,Eucalyptus
Eucalyptus_blaxlandii,E_blaxlandii,1.16,35,NA,6.21,Eucalyptus
Eucalyptus_boliviana,E_boliviana,1.146666667,12,NA,1.3668,Eucalyptus
Eucalyptus_bosistoana,E_bosistoana,1.26,60,39.11,1.22,Eucalyptus
Eucalyptus_botryoides,E_botryoides,1.22,40,43.01,1.4,Eucalyptus
Eucalyptus_brachyandra,E_brachyandra,NA,8,NA,0.6,Eucalyptus
Eucalyptus_brachycalyx,E_brachycalyx,1.3,10,30.51,0.3508,Eucalyptus
Eucalyptus_brandiana,E_brandiana,1.19,NA,NA,2.892,Eucalyptus
Eucalyptus_brassiana,E_brassiana,1.24,20,NA,2.21,Eucalyptus
Eucalyptus_brevifolia,E_brevifolia,1.2,10,NA,3.54,Eucalyptus
Eucalyptus_brevipes,E_brevipes,1.23,5,NA,0.252349,Eucalyptus
Eucalyptus_brevistylis,E_brevistylis,1.04,25,76.02,NA,Eucalyptus
Eucalyptus_bridgesiana,E_bridgesiana,1.21,25,51.18,2.81,Eucalyptus
Eucalyptus_brockwayi,E_brockwayi,1.2,15,29.56,2.04,Eucalyptus
Eucalyptus_brookeriana,E_brookeriana,1.19,40,47.415,1.3,Eucalyptus
Eucalyptus_broviniensis,E_broviniensis,1.2,10,NA,NA,Eucalyptus
Eucalyptus_brownii,E_brownii,1.29,18,NA,0.26,Eucalyptus
Eucalyptus_brunnea,E_brunnea,NA,NA,42.93,NA,Eucalyptus
Eucalyptus_bunyip,E_bunyip,1.21,NA,NA,NA,Eucalyptus
Eucalyptus_buprestium,E_buprestium,NA,4,NA,NA,Eucalyptus
Eucalyptus_burdettiana,E_burdettiana,1.15,4,37.86,4.52,Eucalyptus
Eucalyptus_burgessiana,E_burgessiana,NA,7,NA,NA,Eucalyptus
Eucalyptus_burracoppinensis,E_burracoppinensis,1.28,5,NA,7.6,Eucalyptus
Eucalyptus_cadens,E_cadens,1.18,25,54.04,0.3084,Eucalyptus
Eucalyptus_caesia,E_caesia,1.1275,12.5,33.255,4.94,Eucalyptus
Eucalyptus_cajuputea,E_cajuputea,1.27,NA,NA,NA,Eucalyptus
Eucalyptus_calcareana,E_calcareana,1.31,8,25.05,1.4948,Eucalyptus
Eucalyptus_calcicola,E_calcicola,1.065,4,49.43,13.47423333,Eucalyptus
Eucalyptus_caleyi,E_caleyi,1.25,30,41.125,2.1,Eucalyptus
Eucalyptus_caliginosa,E_caliginosa,1.14,35,35.16,10.9,Eucalyptus
Eucalyptus_calycogona,E_calycogona,1.236666667,5.5,44.64,0.80616,Eucalyptus
Eucalyptus_calyerup,E_calyerup,NA,10,NA,0.5412,Eucalyptus
Eucalyptus_camaldulensis,E_camaldulensis,1.202454545,32.85714286,48.90333333,0.67664,Eucalyptus
Eucalyptus_cambageana,E_cambageana,1.33,25,45.93,0.87,Eucalyptus
Eucalyptus_cameronii,E_cameronii,1.11,40,NA,2.29,Eucalyptus
Eucalyptus_camfieldii,E_camfieldii,1.14,10,NA,5.65,Eucalyptus
Eucalyptus_campanulata,E_campanulata,1.13,NA,NA,0.5988,Eucalyptus
Eucalyptus_campaspe,E_campaspe,1.34,10,30.37,2.47,Eucalyptus
Eucalyptus_camphora,E_camphora,1.205,17.5,49.455,0.74104,Eucalyptus
Eucalyptus_canaliculata,E_canaliculata,1.25,30,51.32,13.81,Eucalyptus
Eucalyptus_canescens,E_canescens,1.37,3,25.405,NA,Eucalyptus
Eucalyptus_canobolensis,E_canobolensis,1.19,12,NA,0.8256,Eucalyptus
Eucalyptus_capillosa,E_capillosa,1.31,12,20.9,0.3456,Eucalyptus
Eucalyptus_capitanea,E_capitanea,1.26,NA,NA,NA,Eucalyptus
Eucalyptus_capitellata,E_capitellata,1.13,25,41.93,13,Eucalyptus
Eucalyptus_captiosa,E_captiosa,1.23,NA,NA,1.7016,Eucalyptus
Eucalyptus_carnea,E_carnea,1.07,25,39.15,0.468,Eucalyptus
Eucalyptus_carnei,E_carnei,1.25,6,33.14,5.94,Eucalyptus
Eucalyptus_castrensis,E_castrensis,1.27,NA,NA,0.4504,Eucalyptus
Eucalyptus_celastroides,E_celastroides,1.295,9,30.87,1.4126,Eucalyptus
Eucalyptus_cephalocarpa,E_cephalocarpa,NA,20,46.17,2.329,Eucalyptus
Eucalyptus_ceracea,E_ceracea,NA,6,NA,NA,Eucalyptus
Eucalyptus_cerasiformis,E_cerasiformis,1.2,3,NA,0.288,Eucalyptus
Eucalyptus_ceratocorys,E_ceratocorys,1.18,10,17.085,NA,Eucalyptus
Eucalyptus_cernua,E_cernua,1.35,5,26.71,0.392,Eucalyptus
Eucalyptus_chapmaniana,E_chapmaniana,NA,35,NA,2.62,Eucalyptus
Eucalyptus_chartaboma,E_chartaboma,1.55,18,NA,17.7844,Eucalyptus
Eucalyptus_chloroclada,E_chloroclada,1.18,20,46.39,0.21,Eucalyptus
Eucalyptus_chlorophylla,E_chlorophylla,1.3,18,36.19,0.7136,Eucalyptus
Eucalyptus_cinerea,E_cinerea,1.195,15,34.21428571,2.01,Eucalyptus
Eucalyptus_cladocalyx,E_cladocalyx,1.183333333,35,35.25,4.78,Eucalyptus
Eucalyptus_clivicola,E_clivicola,1.28,12,25.87,0.5998,Eucalyptus
Eucalyptus_cloeziana,E_cloeziana,1.04,55,69.62,1.53,Eucalyptus
Eucalyptus_cneorifolia,E_cneorifolia,1.24,10,27.64,2.12,Eucalyptus
Eucalyptus_coccifera,E_coccifera,NA,15,NA,4.1,Eucalyptus
Eucalyptus_codonocarpa,E_codonocarpa,NA,NA,NA,1.1284,Eucalyptus
Eucalyptus_comitae-vallis,E_comitae-vallis,1.31,NA,36.68,NA,Eucalyptus
Eucalyptus_communalis,E_communalis,NA,4,33.2,1.3608,Eucalyptus
Eucalyptus_concinna,E_concinna,1.32,8,26.22,3,Eucalyptus
Eucalyptus_conferruminata,E_conferruminata,1.15,8,36.2,4.1,Eucalyptus
Eucalyptus_conferta,E_conferta,1.18,NA,NA,NA,Eucalyptus
Eucalyptus_confluens,E_confluens,NA,8,NA,2.17,Eucalyptus
Eucalyptus_conglobata,E_conglobata,1.28,12.5,32.35,4.028,Eucalyptus
Eucalyptus_conglomerata,E_conglomerata,NA,8,NA,0.44,Eucalyptus
Eucalyptus_conica,E_conica,1.26,20,NA,1.42,Eucalyptus
Eucalyptus_consideniana,E_consideniana,1.14,30,45.57,7.1,Eucalyptus
Eucalyptus_conspicua,E_conspicua,1.17,10,60.12,0.4044,Eucalyptus
Eucalyptus_conveniens,E_conveniens,1.17,2.5,28.06,3.272,Eucalyptus
Eucalyptus_coolabah,E_coolabah,1.32,10,34.96,0.5004,Eucalyptus
Eucalyptus_cooperiana,E_cooperiana,1.3,4,29.13,1.62,Eucalyptus
Eucalyptus_copulans,E_copulans,NA,NA,NA,0.1728,Eucalyptus
Eucalyptus_cordata,E_cordata,1.23,20,49.46,7.9,Eucalyptus
Eucalyptus_cornuta,E_cornuta,1.18,20,41.07,6.26,Eucalyptus
Eucalyptus_coronata,E_coronata,1,3,NA,20.4,Eucalyptus
Eucalyptus_corrugata,E_corrugata,1.33,15,22.42,3.74,Eucalyptus
Eucalyptus_corticosa,E_corticosa,1.22,8,NA,0.5908,Eucalyptus
Eucalyptus_corynodes,E_corynodes,1.32,20,38.61,NA,Eucalyptus
Eucalyptus_cosmophylla,E_cosmophylla,NA,10,NA,6.08,Eucalyptus
Eucalyptus_crebra,E_crebra,1.28,35,NA,0.95,Eucalyptus
Eucalyptus_crenulata,E_crenulata,NA,12,75.26,0.58,Eucalyptus
Eucalyptus_creta,E_creta,1.28,10,23.63,0.9314,Eucalyptus
Eucalyptus_cretata,E_cretata,1.28,4,23.63,0.796,Eucalyptus
Eucalyptus_crispata,E_crispata,NA,8,NA,0.488,Eucalyptus
Eucalyptus_croajingolensis,E_croajingolensis,1.11,30,58.35,0.3688,Eucalyptus
Eucalyptus_crucis,E_crucis,1.176666667,15,43.58,7.173333333,Eucalyptus
Eucalyptus_cullenii,E_cullenii,1.26,25,64.79,3.5,Eucalyptus
Eucalyptus_cunninghamii,E_cunninghamii,1.13,2,NA,1.1316,Eucalyptus
Eucalyptus_cuprea,E_cuprea,1.2,6,40.63,0.2903226,Eucalyptus
Eucalyptus_cupularis,E_cupularis,1.17,8,NA,20.4,Eucalyptus
Eucalyptus_curtisii,E_curtisii,0.92,7,50.01,0.83,Eucalyptus
Eucalyptus_cuspidata,E_cuspidata,NA,NA,22.19,NA,Eucalyptus
Eucalyptus_cyanophylla,E_cyanophylla,1.28,5,26.59,3.1,Eucalyptus
Eucalyptus_cyclostoma,E_cyclostoma,1.28,3,NA,NA,Eucalyptus
Eucalyptus_cylindriflora,E_cylindriflora,1.24,4,NA,1.31,Eucalyptus
Eucalyptus_cylindrocarpa,E_cylindrocarpa,1.35,6,NA,1.9,Eucalyptus
Eucalyptus_cypellocarpa,E_cypellocarpa,1.22,65,39.61,4.69,Eucalyptus
Eucalyptus_dalrympleana,E_dalrympleana,1.19,40,41.33,8.466666667,Eucalyptus
Eucalyptus_dawsonii,E_dawsonii,1.26,20,45.22,0.76,Eucalyptus
Eucalyptus_dealbata,E_dealbata,1.23,20,49.55,2.955,Eucalyptus
Eucalyptus_deanei,E_deanei,1.18,65,53.7,1.29,Eucalyptus
Eucalyptus_decipiens,E_decipiens,1.25,5,35.2,2.77233335,Eucalyptus
Eucalyptus_decolor,E_decolor,1.34,25,55.8,NA,Eucalyptus
Eucalyptus_decorticans,E_decorticans,1.33,40,46.53,2.79,Eucalyptus
Eucalyptus_decurva,E_decurva,NA,3,NA,1.6992,Eucalyptus
Eucalyptus_deflexa,E_deflexa,1.22,3,25,1.438,Eucalyptus
Eucalyptus_delegatensis,E_delegatensis,NA,90,NA,4.92,Eucalyptus
Eucalyptus_delicata,E_delicata,1.26,15,34.89,NA,Eucalyptus
Eucalyptus_dendromorpha,E_dendromorpha,1.19,30,NA,4,Eucalyptus
Eucalyptus_densa,E_densa,1.22,6.5,34.22,0.2933333,Eucalyptus
Eucalyptus_denticulata,E_denticulata,1.19,35,35.93,0.4372,Eucalyptus
Eucalyptus_depauperata,E_depauperata,1.29,4,NA,0.4138,Eucalyptus
Eucalyptus_desmondensis,E_desmondensis,1.21,6,25.14,3.12,Eucalyptus
Eucalyptus_deuaensis,E_deuaensis,1.13,4,31.57,NA,Eucalyptus
Eucalyptus_dielsii,E_dielsii,1.3,8,27.44,1.96,Eucalyptus
Eucalyptus_diminuta,E_diminuta,1.26,4,NA,0.57,Eucalyptus
Eucalyptus_diptera,E_diptera,1.24,10,30.21,3.86,Eucalyptus
Eucalyptus_disclusa,E_disclusa,NA,NA,56.13,NA,Eucalyptus
Eucalyptus_discreta,E_discreta,1.18,5,28.72,2.07,Eucalyptus
Eucalyptus_dissimulata,E_dissimulata,1.23,3,18.96,0.3252,Eucalyptus
Eucalyptus_distans,E_distans,1.26,7,NA,0.3948,Eucalyptus
Eucalyptus_distuberosa,E_distuberosa,1.32,NA,20,NA,Eucalyptus
Eucalyptus_diversicolor,E_diversicolor,1.14,80,62.66,3.1,Eucalyptus
Eucalyptus_diversifolia,E_diversifolia,1.09,5,31.275,7.1824,Eucalyptus
Eucalyptus_dives,E_dives,1.12,20,NA,5.6,Eucalyptus
Eucalyptus_dolichocera,E_dolichocera,1.33,6,24.05,0.8972,Eucalyptus
Eucalyptus_dolichorhyncha,E_dolichorhyncha,1.21,6,22.12,2.2828,Eucalyptus
Eucalyptus_dolorosa,E_dolorosa,NA,1.5,NA,NA,Eucalyptus
Eucalyptus_doratoxylon,E_doratoxylon,1.12,5,55.68,3.29,Eucalyptus
Eucalyptus_dorrigoensis,E_dorrigoensis,1.18,30,NA,0.6356,Eucalyptus
Eucalyptus_drepanophylla,E_drepanophylla,NA,NA,47.06,NA,Eucalyptus
Eucalyptus_drummondii,E_drummondii,1.23,4,NA,17.25,Eucalyptus
Eucalyptus_dumosa,E_dumosa,1.31,10,NA,0.885,Eucalyptus
Eucalyptus_dundasii,E_dundasii,1.21,15,36.46,2.06,Eucalyptus
Eucalyptus_dunnii,E_dunnii,1.22,50,68.33,3,Eucalyptus
Eucalyptus_dura,E_dura,1.27,25,41.26,0.3764,Eucalyptus
Eucalyptus_dwyeri,E_dwyeri,1.21,10,38.59,1.5,Eucalyptus
Eucalyptus_ebbanoensis,E_ebbanoensis,1.213333333,6,NA,4.683746667,Eucalyptus
Eucalyptus_ecostata,E_ecostata,1.3,NA,NA,NA,Eucalyptus
Eucalyptus_educta,E_educta,1.18,4,NA,1.638,Eucalyptus
Eucalyptus_effusa,E_effusa,1.275,4,34.03,2.4944,Eucalyptus
Eucalyptus_elaeophloia,E_elaeophloia,NA,10,30.63,0.5836,Eucalyptus
Eucalyptus_elata,E_elata,1.08,40,67.64,3.8,Eucalyptus
Eucalyptus_elegans,E_elegans,1.28,NA,NA,0.1056,Eucalyptus
Eucalyptus_elliptica,E_elliptica,1.18,20,NA,0.5236,Eucalyptus
Eucalyptus_erectifolia,E_erectifolia,NA,2.5,NA,2.0952,Eucalyptus
Eucalyptus_eremicola,E_eremicola,1.33,5,31.515,0.382,Eucalyptus
Eucalyptus_eremophila,E_eremophila,1.32,5,NA,1.4681,Eucalyptus
Eucalyptus_erosa,E_erosa,1.14,NA,NA,NA,Eucalyptus
Eucalyptus_erythrocorys,E_erythrocorys,1.206666667,8,NA,21,Eucalyptus
Eucalyptus_erythronema,E_erythronema,1.305,6,23.07,2.5,Eucalyptus
Eucalyptus_eudesmioides,E_eudesmioides,1.17,7,NA,10.94486,Eucalyptus
Eucalyptus_eugenioides,E_eugenioides,1.14,25,62.56,3.6,Eucalyptus
Eucalyptus_ewartiana,E_ewartiana,1.25,7,22.92,5.4,Eucalyptus
Eucalyptus_exigua,E_exigua,1.24,3,27.8,0.3724,Eucalyptus
Eucalyptus_exilipes,E_exilipes,1.29,35,50.45,0.5292,Eucalyptus
Eucalyptus_exilis,E_exilis,0.93,4,NA,14.4,Eucalyptus
Eucalyptus_expressa,E_expressa,1.15,NA,NA,NA,Eucalyptus
Eucalyptus_exserta,E_exserta,1.22,20,61.47,2.76,Eucalyptus
Eucalyptus_extensa,E_extensa,1.23,12,27.8,3.4132,Eucalyptus
Eucalyptus_extrica,E_extrica,1.13,4,31.41,3.1864,Eucalyptus
Eucalyptus_falcata,E_falcata,1.36,5,37.72,1.81,Eucalyptus
Eucalyptus_falciformis,E_falciformis,1.1,NA,NA,NA,Eucalyptus
Eucalyptus_famelica,E_famelica,NA,4,NA,0.574,Eucalyptus
Eucalyptus_farinosa,E_farinosa,1.32,9,NA,NA,Eucalyptus
Eucalyptus_fasciculosa,E_fasciculosa,1.23,10,44.51,1.43,Eucalyptus
Eucalyptus_fastigata,E_fastigata,1.09,60,NA,8.04,Eucalyptus
Eucalyptus_fibrosa,E_fibrosa,1.28,35,44.805,2.852,Eucalyptus
Eucalyptus_filiformis,E_filiformis,NA,NA,NA,0.1984,Eucalyptus
Eucalyptus_flavida,E_flavida,1.3,10,NA,3.2552,Eucalyptus
Eucalyptus_flindersii,E_flindersii,1.17,5,NA,0.76,Eucalyptus
Eucalyptus_flocktoniae,E_flocktoniae,1.32,8,24.375,4.33,Eucalyptus
Eucalyptus_foecunda,E_foecunda,1.22,3,46.39,1.33,Eucalyptus
Eucalyptus_foliosa,E_foliosa,1.21,3,NA,0.508,Eucalyptus
Eucalyptus_formanii,E_formanii,1.21,10,31.34,0.222,Eucalyptus
Eucalyptus_forrestiana,E_forrestiana,1.22,4,NA,12.8646,Eucalyptus
Eucalyptus_fracta,E_fracta,1.29,8,40.61,0.4168,Eucalyptus
Eucalyptus_fraseri,E_fraseri,1.3,15,26.41,2.4852,Eucalyptus
Eucalyptus_fraxinoides,E_fraxinoides,NA,40,NA,9.08,Eucalyptus
Eucalyptus_frenchiana,E_frenchiana,1.36,NA,19.82,0.67224,Eucalyptus
Eucalyptus_froggattii,E_froggattii,1.23,10,24.58,1.691,Eucalyptus
Eucalyptus_fruticosa,E_fruticosa,1.27,5,43.54,0.9904,Eucalyptus
Eucalyptus_fulgens,E_fulgens,1.19,20,NA,0.4912,Eucalyptus
Eucalyptus_fusiformis,E_fusiformis,1.27,30,NA,0.584,Eucalyptus
Eucalyptus_gamophylla,E_gamophylla,1.2,8,34.2,4.49,Eucalyptus
Eucalyptus_gardneri,E_gardneri,1.285,12.5,33.3275,3.846,Eucalyptus
Eucalyptus_georgei,E_georgei,1.35,12,23.16,0.85615,Eucalyptus
Eucalyptus_gigantangion,E_gigantangion,NA,30,NA,NA,Eucalyptus
Eucalyptus_gillenii,E_gillenii,1.18,13,36.07,0.6085,Eucalyptus
Eucalyptus_gillii,E_gillii,1.42,8,34.13,15.62,Eucalyptus
Eucalyptus_gittinsii,E_gittinsii,1.155,4.5,32.37,16.9204,Eucalyptus
Eucalyptus_glaucescens,E_glaucescens,NA,50,47.67,7.21,Eucalyptus
Eucalyptus_glaucina,E_glaucina,1.23,20,58.37,0.618,Eucalyptus
Eucalyptus_globoidea,E_globoidea,1.12,40,36.99,1.9528,Eucalyptus
Eucalyptus_globulus,E_globulus,1.23,52.5,44.52,12.57,Eucalyptus
Eucalyptus_glomericassis,E_glomericassis,1.13,10,NA,NA,Eucalyptus
Eucalyptus_glomerosa,E_glomerosa,1.35,5,36.33,1.24,Eucalyptus
Eucalyptus_gomphocephala,E_gomphocephala,1.2,40,50.37,7.16,Eucalyptus
Eucalyptus_gongylocarpa,E_gongylocarpa,1.25,16,48.51,11.35,Eucalyptus
Eucalyptus_goniantha,E_goniantha,1.28,5,39.09,2.4955,Eucalyptus
Eucalyptus_goniocalyx,E_goniocalyx,1.19,15,31.78,1.354133333,Eucalyptus
Eucalyptus_goniocarpa,E_goniocarpa,1.3,7,34.32,0.3004,Eucalyptus
Eucalyptus_gracilis,E_gracilis,1.26,7,33.17,0.64,Eucalyptus
Eucalyptus_grandis,E_grandis,1.255,55,52.53,1.18,Eucalyptus
Eucalyptus_granitica,E_granitica,1.27,20,35.66,0.5236,Eucalyptus
Eucalyptus_grasbyi,E_grasbyi,NA,NA,30.01,NA,Eucalyptus
Eucalyptus_gregoriensis,E_gregoriensis,1.13,8,29.71,NA,Eucalyptus
Eucalyptus_gregsoniana,E_gregsoniana,1.13,4,34.07,3.33,Eucalyptus
Eucalyptus_griffithsii,E_griffithsii,1.31,10,26.58,3.79,Eucalyptus
Eucalyptus_grisea,E_grisea,1.22,28,59.25,NA,Eucalyptus
Eucalyptus_grossa,E_grossa,1.19,3,NA,2.38,Eucalyptus
Eucalyptus_guilfoylei,E_guilfoylei,NA,40,NA,8.46,Eucalyptus
Eucalyptus_gunnii,E_gunnii,NA,25,NA,1.7045,Eucalyptus
Eucalyptus_gypsophila,E_gypsophila,1.32,6,29.62,0.4684,Eucalyptus
Eucalyptus_haemastoma,E_haemastoma,1.17,12,NA,0.775666667,Eucalyptus
Eucalyptus_haemostoma,E_haemostoma,NA,NA,NA,1.8,Eucalyptus
Eucalyptus_hallii,E_hallii,1.17,20,50.62,0.1748,Eucalyptus
Eucalyptus_halophila,E_halophila,1.26,4,NA,0.444,Eucalyptus
Eucalyptus_hamersleyana,E_hamersleyana,NA,NA,27.61,NA,Eucalyptus
Eucalyptus_hawkeri,E_hawkeri,NA,NA,NA,0.1741,Eucalyptus
Eucalyptus_hebetifolia,E_hebetifolia,1.26,8,NA,0.2628,Eucalyptus
Eucalyptus_helidonica,E_helidonica,1.105,20,NA,1.6128,Eucalyptus
Eucalyptus_herbertiana,E_herbertiana,1.2,10,NA,1.42,Eucalyptus
Eucalyptus_histophylla,E_histophylla,1.25,6,21.03,0.5272,Eucalyptus
Eucalyptus_horistes,E_horistes,1.25,8,NA,0.5552,Eucalyptus
Eucalyptus_houseana,E_houseana,1.13,20,NA,1.07,Eucalyptus
Eucalyptus_howittiana,E_howittiana,1.14,25,33.61,1.29,Eucalyptus
Eucalyptus_hypochlamydea,E_hypochlamydea,NA,NA,35.03,NA,Eucalyptus
Eucalyptus_hypolaena,E_hypolaena,1.35,15,30.11,NA,Eucalyptus
Eucalyptus_hypostomatica,E_hypostomatica,1.28,30,55.27,0.274,Eucalyptus
Eucalyptus_ignorabilis,E_ignorabilis,NA,20,54.95,0.799,Eucalyptus
Eucalyptus_imitans,E_imitans,1.15,10,33.71,0.7908,Eucalyptus
Eucalyptus_imlayensis,E_imlayensis,NA,7,NA,NA,Eucalyptus
Eucalyptus_impensa,E_impensa,1.3,1.5,21.87,4.27,Eucalyptus
Eucalyptus_incerata,E_incerata,1.31,5,41.7,0.5928,Eucalyptus
Eucalyptus_incrassata,E_incrassata,1.245357143,8,26.1,8.93,Eucalyptus
Eucalyptus_indurata,E_indurata,1.3,8,26.22,1.1286667,Eucalyptus
Eucalyptus_infera,E_infera,1.19,8,38.37,NA,Eucalyptus
Eucalyptus_insularis,E_insularis,0.95,3,71.98,3.06,Eucalyptus
Eucalyptus_interstans,E_interstans,1.22,20,60.4,0.1496,Eucalyptus
Eucalyptus_intertexta,E_intertexta,1.27,20,43.05,1.0075,Eucalyptus
Eucalyptus_jacksonii,E_jacksonii,NA,65,NA,16.94,Eucalyptus
Eucalyptus_jensenii,E_jensenii,1.27,10,NA,5.7,Eucalyptus
Eucalyptus_jimberlanica,E_jimberlanica,1.29,10,27.41,1.4032,Eucalyptus
Eucalyptus_johnsoniana,E_johnsoniana,NA,3,NA,NA,Eucalyptus
Eucalyptus_johnstonii,E_johnstonii,NA,50,NA,4,Eucalyptus
Eucalyptus_jucunda,E_jucunda,NA,7,NA,3.4352,Eucalyptus
Eucalyptus_jutsonii,E_jutsonii,1.265,6,31.01,3.757,Eucalyptus
Eucalyptus_kabiana,E_kabiana,1.246666667,10,57.87,NA,Eucalyptus
Eucalyptus_kamarlensis,E_kamarlensis,NA,NA,31.53,NA,Eucalyptus
Eucalyptus_kartzoffiana,E_kartzoffiana,1.18,30,40.2,1.13,Eucalyptus
Eucalyptus_kenneallyi,E_kenneallyi,NA,8,NA,NA,Eucalyptus
Eucalyptus_kessellii,E_kessellii,1.365,10,23.78,1.0633333,Eucalyptus
Eucalyptus_kingsmillii,E_kingsmillii,1.29,7,30.81,7.668,Eucalyptus
Eucalyptus_kitsoniana,E_kitsoniana,1.17,10,51.01,1.76,Eucalyptus
Eucalyptus_kochii,E_kochii,1.32,10.8,33.228,2.756,Eucalyptus
Eucalyptus_kondininensis,E_kondininensis,1.3,9,19.55,2.36,Eucalyptus
Eucalyptus_koolpinensis,E_koolpinensis,1.25,12,NA,NA,Eucalyptus
Eucalyptus_kruseana,E_kruseana,1.17,3,NA,2.61,Eucalyptus
Eucalyptus_kumarlensis,E_kumarlensis,1.27,10,NA,0.278,Eucalyptus
Eucalyptus_kybeanensis,E_kybeanensis,NA,4,NA,4.01,Eucalyptus
Eucalyptus_lacrimans,E_lacrimans,NA,12,26.71,1.4664,Eucalyptus
Eucalyptus_laeliae,E_laeliae,1.2,15,44.06,3.17,Eucalyptus
Eucalyptus_laevis,E_laevis,1.283333333,10,29.31,NA,Eucalyptus
Eucalyptus_laevopinea,E_laevopinea,1.14,40,56.82,11.04,Eucalyptus
Eucalyptus_lane-poolei,E_lane-poolei,1.2,10,NA,NA,Eucalyptus
Eucalyptus_langleyi,E_langleyi,1.17,5,NA,1.7684,Eucalyptus
Eucalyptus_lansdowneana,E_lansdowneana,1.27,6,27.34,3.658266667,Eucalyptus
Eucalyptus_largeana,E_largeana,1.24,40,49.99,5,Eucalyptus
Eucalyptus_largiflorens,E_largiflorens,1.31,20,43.24,0.51,Eucalyptus
Eucalyptus_latens,E_latens,1.226,5,32.5,0.2832,Eucalyptus
Eucalyptus_lateritica,E_lateritica,NA,4,NA,7.41452,Eucalyptus
Eucalyptus_latisinensis,E_latisinensis,1.07,18,51.99,2.2724,Eucalyptus
Eucalyptus_lehmannii,E_lehmannii,1.16,3,39.81,5.07885,Eucalyptus
Eucalyptus_leprophloia,E_leprophloia,NA,5,NA,1.2608,Eucalyptus
Eucalyptus_leptocalyx,E_leptocalyx,1.24,5,19,3.18,Eucalyptus
Eucalyptus_leptophleba,E_leptophleba,1.28,20,NA,6.15,Eucalyptus
Eucalyptus_leptophylla,E_leptophylla,1.21,5,35.26,0.3676,Eucalyptus
Eucalyptus_leptopoda,E_leptopoda,1.27,5.5,33.22,1.2642,Eucalyptus
Eucalyptus_lesouefii,E_lesouefii,1.35,15,19.49,3.89,Eucalyptus
Eucalyptus_leucophloia,E_leucophloia,1.195,8,32.3,0.8896,Eucalyptus
Eucalyptus_leucophylla,E_leucophylla,1.276666667,6,34.59,1.1824,Eucalyptus
Eucalyptus_leucoxylon,E_leucoxylon,1.268,18.75,44.986,2.61435,Eucalyptus
Eucalyptus_ligulata,E_ligulata,1.09,3.5,36.94,11.78864,Eucalyptus
Eucalyptus_ligustrina,E_ligustrina,1.12,7,NA,2.9,Eucalyptus
Eucalyptus_limitaris,E_limitaris,NA,8,NA,NA,Eucalyptus
Eucalyptus_lirata,E_lirata,1.15,12,NA,23.26,Eucalyptus
Eucalyptus_litoralis,E_litoralis,1.24,18,NA,0.9576,Eucalyptus
Eucalyptus_litorea,E_litorea,1.25,6,31,0.924,Eucalyptus
Eucalyptus_livida,E_livida,1.25,5,NA,0.4852,Eucalyptus
Eucalyptus_lockyeri,E_lockyeri,1.22,10.5,49.91,0.3872,Eucalyptus
Eucalyptus_longicornis,E_longicornis,1.27,25,37.46,2.05,Eucalyptus
Eucalyptus_longifolia,E_longifolia,1.16,35,31.82,3.69,Eucalyptus
Eucalyptus_longirostrata,E_longirostrata,1.22,30,59.59,0.6776,Eucalyptus
Eucalyptus_longissima,E_longissima,1.32,8,NA,0.53,Eucalyptus
Eucalyptus_loxophleba,E_loxophleba,1.285,10.75,48.76,0.46956,Eucalyptus
Eucalyptus_lucasii,E_lucasii,1.29,10,37.77,2.43,Eucalyptus
Eucalyptus_lucens,E_lucens,1.28,5,40.57,0.1832,Eucalyptus
Eucalyptus_luculenta,E_luculenta,1.27,5,20.97,NA,Eucalyptus
Eucalyptus_luehmanniana,E_luehmanniana,1.18,7,NA,5.006,Eucalyptus
Eucalyptus_luteola,E_luteola,NA,3,NA,NA,Eucalyptus
Eucalyptus_macarthurii,E_macarthurii,1.16,40,NA,2.24,Eucalyptus
Eucalyptus_mackintii,E_mackintii,1.13,30,NA,NA,Eucalyptus
Eucalyptus_macrandra,E_macrandra,1.15,4,30.71,0.6786667,Eucalyptus
Eucalyptus_macrocarpa,E_macrocarpa,1.25,3,31.48,10.18506667,Eucalyptus
Eucalyptus_macrorhyncha,E_macrorhyncha,1.11,35,42.635,14.39666667,Eucalyptus
Eucalyptus_macta,E_macta,NA,NA,60.12,NA,Eucalyptus
Eucalyptus_magnificata,E_magnificata,1.23,8,59.12,0.3544,Eucalyptus
Eucalyptus_maidenii,E_maidenii,NA,NA,36,NA,Eucalyptus
Eucalyptus_major,E_major,1.19,20,56.07,1.12,Eucalyptus
Eucalyptus_malacoxylon,E_malacoxylon,1.22,20,29.21,2.95,Eucalyptus
Eucalyptus_mannensis,E_mannensis,1.29,10,36.43,2.412333333,Eucalyptus
Eucalyptus_mannifera,E_mannifera,1.205,16.66666667,54.21,1.3951,Eucalyptus
Eucalyptus_marginata,E_marginata,NA,NA,NA,17.9954,Eucalyptus
Eucalyptus_mckieana,E_mckieana,NA,30,NA,2.66,Eucalyptus
Eucalyptus_mcquoidii,E_mcquoidii,1.16,10,48.95,2.0364,Eucalyptus
Eucalyptus_medialis,E_medialis,NA,5,NA,0.2892,Eucalyptus
Eucalyptus_mediocris,E_mediocris,1.09,20,NA,0.5772,Eucalyptus
Eucalyptus_megacarpa,E_megacarpa,1.03,20,47.62,9.5,Eucalyptus
Eucalyptus_megacornuta,E_megacornuta,1.16,15,32.88,5.27,Eucalyptus
Eucalyptus_melanoleuca,E_melanoleuca,1.26,30,54.39,4.48,Eucalyptus
Eucalyptus_melanophitra,E_melanophitra,1.24,7,36.46,2.02,Eucalyptus
Eucalyptus_melanophloia,E_melanophloia,1.26,20,53.42,0.495,Eucalyptus
Eucalyptus_melanoxylon,E_melanoxylon,1.27,15,36.75,2.039,Eucalyptus
Eucalyptus_melliodora,E_melliodora,1.3,30,NA,1,Eucalyptus
Eucalyptus_merrickiae,E_merrickiae,1.2,4,NA,10.2,Eucalyptus
Eucalyptus_michaeliana,E_michaeliana,1.21,30,51.82,5.89,Eucalyptus
Eucalyptus_micranthera,E_micranthera,1.26,4,26.65,16.36,Eucalyptus
Eucalyptus_microcarpa,E_microcarpa,1.29,25,31.85,0.85,Eucalyptus
Eucalyptus_microcorys,E_microcorys,1,60,72.21,1.39,Eucalyptus
Eucalyptus_microneura,E_microneura,1.33,15,NA,3.66,Eucalyptus
Eucalyptus_microschema,E_microschema,NA,3,NA,0.224,Eucalyptus
Eucalyptus_microtheca,E_microtheca,1.28,10,NA,1.1075,Eucalyptus
Eucalyptus_mimica,E_mimica,1.3,5,31.265,0.43426,Eucalyptus
Eucalyptus_miniata,E_miniata,NA,30,NA,35.1,Eucalyptus
Eucalyptus_minniritchi,E_minniritchi,1.24,NA,28.47,0.872,Eucalyptus
Eucalyptus_misella,E_misella,1.26,4,NA,0.362,Eucalyptus
Eucalyptus_mitchelliana,E_mitchelliana,1.09,15,38.02,4.17,Eucalyptus
Eucalyptus_moderata,E_moderata,1.338333333,10,29.68,0.8656,Eucalyptus
Eucalyptus_moluccana,E_moluccana,1.33,30,28.23,2.18,Eucalyptus
Eucalyptus_molyneuxii,E_molyneuxii,NA,NA,NA,1.0644,Eucalyptus
Eucalyptus_mooreana,E_mooreana,NA,6,NA,NA,Eucalyptus
Eucalyptus_moorei,E_moorei,1.12,7,50.73,1,Eucalyptus
Eucalyptus_morrisbyi,E_morrisbyi,NA,16,42.46,0.969,Eucalyptus
Eucalyptus_morrisii,E_morrisii,1.23,4,36.57,1.99,Eucalyptus
Eucalyptus_muelleriana,E_muelleriana,1.17,40,37.48,8.66,Eucalyptus
Eucalyptus_multicaulis,E_multicaulis,NA,8,NA,7.39,Eucalyptus
Eucalyptus_myriadena,E_myriadena,1.26,10,35.7,0.2996,Eucalyptus
Eucalyptus_nandewarica,E_nandewarica,1.21,10,NA,0.2368,Eucalyptus
Eucalyptus_nebulosa,E_nebulosa,1.15,NA,NA,0.362,Eucalyptus
Eucalyptus_neglecta,E_neglecta,1.14,7,NA,4.54,Eucalyptus
Eucalyptus_neutra,E_neutra,1.29,6,26.2,0.6304,Eucalyptus
Eucalyptus_newbeyi,E_newbeyi,1.2,8,73.03,1.3408,Eucalyptus
Eucalyptus_nicholii,E_nicholii,1.19,15,55.17,0.3412,Eucalyptus
Eucalyptus_nigrifunda,E_nigrifunda,NA,10,33.03,0.4161,Eucalyptus
Eucalyptus_nitens,E_nitens,1.2,70,49.55,2.4,Eucalyptus
Eucalyptus_nitida,E_nitida,NA,40,36.54,3.45,Eucalyptus
Eucalyptus_nobilis,E_nobilis,1.27,70,52.74,0.7336,Eucalyptus
Eucalyptus_normantonensis,E_normantonensis,1.25,8,NA,1.18,Eucalyptus
Eucalyptus_nortonii,E_nortonii,1.24,15,32.77,3.34,Eucalyptus
Eucalyptus_notabilis,E_notabilis,1.25,30,NA,2.32,Eucalyptus
Eucalyptus_notactites,E_notactites,1.31,NA,NA,NA,Eucalyptus
Eucalyptus_nova-anglica,E_nova-anglica,1.19,15,63.55,NA,Eucalyptus
Eucalyptus_nudicaulis,E_nudicaulis,1.23,6,34.37,NA,Eucalyptus
Eucalyptus_nutans,E_nutans,1.3,3,32.75,2.5,Eucalyptus
Eucalyptus_obconica,E_obconica,1.22,8,51.61,NA,Eucalyptus
Eucalyptus_obesa,E_obesa,1.24,4,29.37,1.1584,Eucalyptus
Eucalyptus_obliqua,E_obliqua,1.14,90,48.53,7.9,Eucalyptus
Eucalyptus_oblonga,E_oblonga,NA,NA,32.17,NA,Eucalyptus
Eucalyptus_obtusiflora,E_obtusiflora,1.273333333,12,29.295,2.564133333,Eucalyptus
Eucalyptus_occidentalis,E_occidentalis,1.27,20,28.68,6.7,Eucalyptus
Eucalyptus_ochrophloia,E_ochrophloia,1.34,15,27.12,8.32,Eucalyptus
Eucalyptus_odontocarpa,E_odontocarpa,1.17,4,NA,8.32,Eucalyptus
Eucalyptus_odorata,E_odorata,1.28,7,NA,1.34,Eucalyptus
Eucalyptus_oldfieldii,E_oldfieldii,1.26,5,22.71,11.89,Eucalyptus
Eucalyptus_oleosa,E_oleosa,1.2825,8,27.515,1.3197111,Eucalyptus
Eucalyptus_olida,E_olida,1.15,30,45.22,6.4096,Eucalyptus
Eucalyptus_oligantha,E_oligantha,1.23,12,NA,9.08,Eucalyptus
Eucalyptus_olivina,E_olivina,1.24,5,30.54,0.31,Eucalyptus
Eucalyptus_olsenii,E_olsenii,NA,12,NA,NA,Eucalyptus
Eucalyptus_ophitica,E_ophitica,1.24,10,34.02,0.482,Eucalyptus
Eucalyptus_opimiflora,E_opimiflora,1.31,NA,NA,NA,Eucalyptus
Eucalyptus_optima,E_optima,1.36,20,18.99,NA,Eucalyptus
Eucalyptus_oraria,E_oraria,1.33,7,39.74,3.12,Eucalyptus
Eucalyptus_orbifolia,E_orbifolia,1.19,5,28.18,2.63,Eucalyptus
Eucalyptus_ordiana,E_ordiana,1.23,6,NA,NA,Eucalyptus
Eucalyptus_oreades,E_oreades,1.15,40,37.18,9.04,Eucalyptus
Eucalyptus_orgadophila,E_orgadophila,1.32,20,NA,10.74,Eucalyptus
Eucalyptus_ornans,E_ornans,1.12,NA,NA,NA,Eucalyptus
Eucalyptus_ornata,E_ornata,1.35,10,32.02,1.012,Eucalyptus
Eucalyptus_orthostemon,E_orthostemon,1.25,7,28.325,0.4296,Eucalyptus
Eucalyptus_ovata,E_ovata,1.505,20,38.51,0.95,Eucalyptus
Eucalyptus_ovularis,E_ovularis,1.25,12,34.32,2,Eucalyptus
Eucalyptus_oxymitra,E_oxymitra,1.29,4,29.31,1.346,Eucalyptus
Eucalyptus_pachycalyx,E_pachycalyx,1.18,15,40.71,3.324266667,Eucalyptus
Eucalyptus_pachyloma,E_pachyloma,1.09,4,34.32,3.838,Eucalyptus
Eucalyptus_pachyphylla,E_pachyphylla,1.28,5,NA,4.722,Eucalyptus
Eucalyptus_paedoglauca,E_paedoglauca,1.28,17,42.39,NA,Eucalyptus
Eucalyptus_paliformis,E_paliformis,NA,12,NA,2.47,Eucalyptus
Eucalyptus_paludicola,E_paludicola,1.19,12,NA,0.5372,Eucalyptus
Eucalyptus_panda,E_panda,1.27,20,48.165,1.3342,Eucalyptus
Eucalyptus_paniculata,E_paniculata,1.22,30,52.25,1.064266667,Eucalyptus
Eucalyptus_pantoleuca,E_pantoleuca,NA,10,NA,0.7728,Eucalyptus
Eucalyptus_parramattensis,E_parramattensis,1.17,11.66666667,43.425,1.7756,Eucalyptus
Eucalyptus_parvula,E_parvula,1.2,10,68.7,0.444,Eucalyptus
Eucalyptus_patellaris,E_patellaris,1.31,15,NA,5.79,Eucalyptus
Eucalyptus_patens,E_patens,1.02,40,NA,NA,Eucalyptus
Eucalyptus_pauciflora,E_pauciflora,1.12,30,NA,5.3556,Eucalyptus
Eucalyptus_pellita,E_pellita,1.37,40,NA,1.973333333,Eucalyptus
Eucalyptus_pendens,E_pendens,1.03,4,NA,11.7984,Eucalyptus
Eucalyptus_peninsularis,E_peninsularis,1.31,6,36.94,1.01356,Eucalyptus
Eucalyptus_perangusta,E_perangusta,1.21,4,21.6,0.234,Eucalyptus
Eucalyptus_percostata,E_percostata,1.31,10,26.58,0.6544,Eucalyptus
Eucalyptus_perriniana,E_perriniana,1.17,7,46.66,1.21,Eucalyptus
Eucalyptus_persistens,E_persistens,1.26,11,NA,0.4622,Eucalyptus
Eucalyptus_petiolaris,E_petiolaris,1.26,15,38.46,0.7808,Eucalyptus
Eucalyptus_petraea,E_petraea,1.24,5,27.69,1.09,Eucalyptus
Eucalyptus_petrensis,E_petrensis,1.28,3,NA,1.0588,Eucalyptus
Eucalyptus_phaenophylla,E_phaenophylla,1.33,5,NA,0.287,Eucalyptus
Eucalyptus_phenax,E_phenax,1.29,8,23.58,1.175,Eucalyptus
Eucalyptus_phoenicea,E_phoenicea,NA,12,NA,14,Eucalyptus
Eucalyptus_pilbarensis,E_pilbarensis,1.27,3,35.43,NA,Eucalyptus
Eucalyptus_pileata,E_pileata,1.31,6,30.715,1.94,Eucalyptus
Eucalyptus_pilligaensis,E_pilligaensis,NA,NA,43.97,NA,Eucalyptus
Eucalyptus_pilularis,E_pilularis,1.15,70,72.04,3.646166667,Eucalyptus
Eucalyptus_pimpiniana,E_pimpiniana,1.26,2,26.3,5.1805,Eucalyptus
Eucalyptus_piperita,E_piperita,1.14,20,NA,1.869675,Eucalyptus
Eucalyptus_placita,E_placita,NA,30,NA,0.754,Eucalyptus
Eucalyptus_planchoniana,E_planchoniana,1.14,20,39.77,21.25,Eucalyptus
Eucalyptus_planipes,E_planipes,1.36,NA,NA,0.756,Eucalyptus
Eucalyptus_platycorys,E_platycorys,1.26,8,23.02,1.9256,Eucalyptus
Eucalyptus_platydisca,E_platydisca,1.05,4,24.54,1.606,Eucalyptus
Eucalyptus_platyphylla,E_platyphylla,1.16,20,NA,NA,Eucalyptus
Eucalyptus_platypus,E_platypus,1.325,8,22.1,3.6788,Eucalyptus
Eucalyptus_pleurocarpa,E_pleurocarpa,1.24,5,26.4,3.5681,Eucalyptus
Eucalyptus_pleurocorys,E_pleurocorys,NA,NA,29.71,NA,Eucalyptus
Eucalyptus_pluricaulis,E_pluricaulis,1.2,5,29.54,0.606,Eucalyptus
Eucalyptus_polita,E_polita,1.31,15,25.09,0.4896,Eucalyptus
Eucalyptus_polyanthemos,E_polyanthemos,1.26,21.66666667,47.45333333,1.2452,Eucalyptus
Eucalyptus_polybractea,E_polybractea,1.3,8,42.51,0.552,Eucalyptus
Eucalyptus_populnea,E_populnea,1.275,20,37,0.2584,Eucalyptus
Eucalyptus_porosa,E_porosa,1.27,12,NA,3.13,Eucalyptus
Eucalyptus_praetermissa,E_praetermissa,1.24,10,NA,0.274,Eucalyptus
Eucalyptus_prava,E_prava,1.17,15,50.46,2.27,Eucalyptus
Eucalyptus_preissiana,E_preissiana,1.045,1.75,26.935,6.46382,Eucalyptus
Eucalyptus_prolixa,E_prolixa,1.27,10,NA,0.816,Eucalyptus
Eucalyptus_prominens,E_prominens,1.35,3,30.83,1.48,Eucalyptus
Eucalyptus_propinqua,E_propinqua,1.22,40,48.04,1.555,Eucalyptus
Eucalyptus_protensa,E_protensa,1.26,10,31.01,2.5912,Eucalyptus
Eucalyptus_provecta,E_provecta,1.29,12,NA,NA,Eucalyptus
Eucalyptus_proxima,E_proxima,1.28,NA,NA,0.4624,Eucalyptus
Eucalyptus_pruiniramis,E_pruiniramis,1.26,4,NA,1.1763533,Eucalyptus
Eucalyptus_pruinosa,E_pruinosa,1.3,10,37.855,3.3704,Eucalyptus
Eucalyptus_psammitica,E_psammitica,1.07,15,NA,1.084,Eucalyptus
Eucalyptus_pseudoglobulus,E_pseudoglobulus,NA,NA,NA,NA,Eucalyptus
Eucalyptus_pterocarpa,E_pterocarpa,1.32,10,27.21,NA,Eucalyptus
Eucalyptus_pulchella,E_pulchella,1.09,20,47.58,8.29,Eucalyptus
Eucalyptus_pulverulenta,E_pulverulenta,1.2,10,54.58,2.34,Eucalyptus
Eucalyptus_pumila,E_pumila,1.13,5,46.55,5.48,Eucalyptus
Eucalyptus_punctata,E_punctata,1.24,35,41.69,9.005,Eucalyptus
Eucalyptus_purpurata,E_purpurata,1.36,10,38.41,1.03828,Eucalyptus
Eucalyptus_pyrenea,E_pyrenea,NA,NA,NA,0.6452,Eucalyptus
Eucalyptus_pyriformis,E_pyriformis,1.3,5,27.96,19.24,Eucalyptus
Eucalyptus_pyrocarpa,E_pyrocarpa,1.18,30,NA,15.39,Eucalyptus
Eucalyptus_quadrangulata,E_quadrangulata,1.21,50,48.19,1.8,Eucalyptus
Eucalyptus_quadrans,E_quadrans,1.29,12,32.77,0.264,Eucalyptus
Eucalyptus_quadricostata,E_quadricostata,1.31,14,NA,1.0876,Eucalyptus
Eucalyptus_quaerenda,E_quaerenda,1.29,4,NA,0.3136,Eucalyptus
Eucalyptus_quinniorum,E_quinniorum,NA,NA,NA,1.5032,Eucalyptus
Eucalyptus_racemosa,E_racemosa,NA,17.5,NA,3.36,Eucalyptus
Eucalyptus_radiata,E_radiata,1.12,40,49.1,5.195,Eucalyptus
Eucalyptus_rameliana,E_rameliana,NA,3,21.87,NA,Eucalyptus
Eucalyptus_raveretiana,E_raveretiana,1.2,30,67.72,0.195,Eucalyptus
Eucalyptus_ravida,E_ravida,1.31,10,29.77,0.7652,Eucalyptus
Eucalyptus_recta,E_recta,1.47,15,NA,1.674,Eucalyptus
Eucalyptus_recurva,E_recurva,1.14,4,NA,2.0882051,Eucalyptus
Eucalyptus_redunca,E_redunca,1.24,2,32.73,3.05,Eucalyptus
Eucalyptus_regnans,E_regnans,1.11,90,NA,3.15,Eucalyptus
Eucalyptus_relicta,E_relicta,1.17,12,NA,NA,Eucalyptus
Eucalyptus_remota,E_remota,1.12,15,37.55,25,Eucalyptus
Eucalyptus_repullulans,E_repullulans,1.34,5,24.82,1.8,Eucalyptus
Eucalyptus_resinifera,E_resinifera,1.225,45,43.685,2.6655,Eucalyptus
Eucalyptus_retinens,E_retinens,NA,25,33.91,1.0204,Eucalyptus
Eucalyptus_retusa,E_retusa,1.18,NA,26.74,NA,Eucalyptus
Eucalyptus_rhodantha,E_rhodantha,1.29,3,37.3,10.99564,Eucalyptus
Eucalyptus_rhombica,E_rhombica,1.28,20,35.89,NA,Eucalyptus
Eucalyptus_rhomboidea,E_rhomboidea,1.3,18,26.66,NA,Eucalyptus
Eucalyptus_rigens,E_rigens,NA,4,20.04,0.746,Eucalyptus
Eucalyptus_rigidula,E_rigidula,1.19,4,27.38666667,2.06,Eucalyptus
Eucalyptus_risdonii,E_risdonii,1.12,8,51.6,4.39,Eucalyptus
Eucalyptus_robertsonii,E_robertsonii,NA,NA,67.01,NA,Eucalyptus
Eucalyptus_robusta,E_robusta,1.26,30,NA,3.15,Eucalyptus
Eucalyptus_rodwayi,E_rodwayi,NA,20,NA,0.77,Eucalyptus
Eucalyptus_rosacea,E_rosacea,1.24,4,31.09,8.62,Eucalyptus
Eucalyptus_rossii,E_rossii,1.13,NA,58.32,4.21,Eucalyptus
Eucalyptus_rowleyi,E_rowleyi,1.23,NA,27.9,NA,Eucalyptus
Eucalyptus_roycei,E_roycei,1.21,6,NA,20.16,Eucalyptus
Eucalyptus_rubida,E_rubida,1.16,17.5,50.26,2.96,Eucalyptus
Eucalyptus_rubiginosa,E_rubiginosa,1.05,15,31.22,0.3764,Eucalyptus
Eucalyptus_rudderi,E_rudderi,1.23,30,NA,1.7,Eucalyptus
Eucalyptus_rudis,E_rudis,1.16,20,63.22,1.26,Eucalyptus
Eucalyptus_rugosa,E_rugosa,1.27,10,37.15,5.37,Eucalyptus
Eucalyptus_rugulata,E_rugulata,1.41,15,20.34,1.6452,Eucalyptus
Eucalyptus_rummeryi,E_rummeryi,1.25,40,32.64,2.67,Eucalyptus
Eucalyptus_rupestris,E_rupestris,1.23,5,NA,NA,Eucalyptus
Eucalyptus_sabulosa,E_sabulosa,NA,NA,NA,0.39908,Eucalyptus
Eucalyptus_salicola,E_salicola,1.27,15,35.02,0.20276,Eucalyptus
Eucalyptus_saligna,E_saligna,1.23,55,67.75,0.5424,Eucalyptus
Eucalyptus_salmonophloia,E_salmonophloia,1.28,25,34.89,1.49,Eucalyptus
Eucalyptus_salubris,E_salubris,1.32,15,41.59,2.01,Eucalyptus
Eucalyptus_sargentii,E_sargentii,1.27,11,32.885,3.05,Eucalyptus
Eucalyptus_saxatilis,E_saxatilis,1.21,5,NA,1.7492,Eucalyptus
Eucalyptus_scias,E_scias,1.24,20,42,1.3916,Eucalyptus
Eucalyptus_scoparia,E_scoparia,1.19,15,67.9,1.75,Eucalyptus
Eucalyptus_scopulorum,E_scopulorum,1.24,8,46,0.54,Eucalyptus
Eucalyptus_scyphocalyx,E_scyphocalyx,1.236666667,5,NA,NA,Eucalyptus
Eucalyptus_seeana,E_seeana,1.19,18,67.9,0.23,Eucalyptus
Eucalyptus_semiglobosa,E_semiglobosa,1.3,NA,NA,1.1576,Eucalyptus
Eucalyptus_semota,E_semota,1.28,8,29.38,NA,Eucalyptus
Eucalyptus_sepulcralis,E_sepulcralis,1.07,7,36.55,20.123,Eucalyptus
Eucalyptus_serraensis,E_serraensis,NA,5,30.71,1.4096,Eucalyptus
Eucalyptus_sessilis,E_sessilis,1.37,5,28.61,1.837,Eucalyptus
Eucalyptus_sheathiana,E_sheathiana,1.29,10,NA,1.85,Eucalyptus
Eucalyptus_shirleyi,E_shirleyi,1.26,7,NA,24.03,Eucalyptus
Eucalyptus_sicilifolia,E_sicilifolia,1.28,10,34.77,0.4416,Eucalyptus
Eucalyptus_siderophloia,E_siderophloia,1.27,20,NA,1.09,Eucalyptus
Eucalyptus_sideroxylon,E_sideroxylon,1.27,25,54.9,2.9331,Eucalyptus
Eucalyptus_sieberi,E_sieberi,1.16,35,26.23,2.852666667,Eucalyptus
Eucalyptus_silvestris,E_silvestris,NA,NA,NA,0.1848,Eucalyptus
Eucalyptus_similis,E_similis,NA,12,NA,12.72,Eucalyptus
Eucalyptus_singularis,E_singularis,1.33,6,35.25,2.378,Eucalyptus
Eucalyptus_sinuosa,E_sinuosa,1.16,NA,NA,2.158,Eucalyptus
Eucalyptus_smithii,E_smithii,1.19,45,74.45,NA,Eucalyptus
Eucalyptus_socialis,E_socialis,1.3375,7.333333333,29.48,34.038368,Eucalyptus
Eucalyptus_sparsa,E_sparsa,1.29,10,NA,0.3324,Eucalyptus
Eucalyptus_sparsifolia,E_sparsifolia,1.16,20,37.67,6.3284,Eucalyptus
Eucalyptus_spathulata,E_spathulata,1.245,10,28.64,2.635,Eucalyptus
Eucalyptus_spectatrix,E_spectatrix,NA,NA,29.01,NA,Eucalyptus
Eucalyptus_sphaerocarpa,E_sphaerocarpa,1.11,45,31.13,10.97,Eucalyptus
Eucalyptus_splendens,E_splendens,NA,7,67.13,0.5502,Eucalyptus
Eucalyptus_sporadica,E_sporadica,1.22,4,28.68,0.71104,Eucalyptus
Eucalyptus_spreta,E_spreta,1.31,10,24.71,1.0568,Eucalyptus
Eucalyptus_squamosa,E_squamosa,1.17,15,41.95,11.86,Eucalyptus
Eucalyptus_staeri,E_staeri,1.04,10,27.08,11.998,Eucalyptus
Eucalyptus_staigeriana,E_staigeriana,1.26,12,46.36,2.9,Eucalyptus
Eucalyptus_steedmanii,E_steedmanii,1.29,12,27.35,2.36,Eucalyptus
Eucalyptus_stellulata,E_stellulata,1.09,15,NA,0.69,Eucalyptus
Eucalyptus_stenostoma,E_stenostoma,1.12,25,41.31,4.6968,Eucalyptus
Eucalyptus_stoatei,E_stoatei,1.25,6,24.76,10.88,Eucalyptus
Eucalyptus_stowardii,E_stowardii,1.21,5,NA,11.32,Eucalyptus
Eucalyptus_striaticalyx,E_striaticalyx,1.34,12,32.76,3.88,Eucalyptus
Eucalyptus_stricklandii,E_stricklandii,1.25,9,23.37,0.898,Eucalyptus
Eucalyptus_stricta,E_stricta,1.17,7,NA,NA,Eucalyptus
Eucalyptus_strzeleckii,E_strzeleckii,1.18,30,70.185,0.3788,Eucalyptus
Eucalyptus_sturgissiana,E_sturgissiana,1.15,5,NA,1.3,Eucalyptus
Eucalyptus_subangusta,E_subangusta,1.2775,5.5,28.41,0.8388,Eucalyptus
Eucalyptus_subcrenulata,E_subcrenulata,NA,20,NA,0.99,Eucalyptus
Eucalyptus_suberea,E_suberea,0.97,3,37.75,20.2712195,Eucalyptus
Eucalyptus_subtilis,E_subtilis,1.22,3,21.76,0.2772,Eucalyptus
Eucalyptus_suffulgens,E_suffulgens,1.34,25,NA,0.82388,Eucalyptus
Eucalyptus_suggrandis,E_suggrandis,1.275,6.5,26.39,0.532,Eucalyptus
Eucalyptus_surgens,E_surgens,NA,2,35.69,1.2236,Eucalyptus
Eucalyptus_sweedmaniana,E_sweedmaniana,1.22,NA,NA,4.7504,Eucalyptus
Eucalyptus_synandra,E_synandra,1.24,4,NA,0.693,Eucalyptus
Eucalyptus_talyuberlup,E_talyuberlup,1.17,10,24.67,2.8282,Eucalyptus
Eucalyptus_tardecidens,E_tardecidens,1.25,NA,NA,0.2976,Eucalyptus
Eucalyptus_taurina,E_taurina,1.26,22,37.77,0.5384,Eucalyptus
Eucalyptus_tectifica,E_tectifica,NA,15,NA,1.9,Eucalyptus
Eucalyptus_tenella,E_tenella,1.13,15,39.88,5.34,Eucalyptus
Eucalyptus_tenera,E_tenera,1.29,5,28.79,0.484,Eucalyptus
Eucalyptus_tenuipes,E_tenuipes,0.87,5,NA,1.38,Eucalyptus
Eucalyptus_tenuiramis,E_tenuiramis,1.09,25,44.57,8.42,Eucalyptus
Eucalyptus_tenuis,E_tenuis,1.32,10,28.4,1.308,Eucalyptus
Eucalyptus_tephroclada,E_tephroclada,1.28,4,NA,0.4672,Eucalyptus
Eucalyptus_tephrodes,E_tephrodes,NA,12,NA,NA,Eucalyptus
Eucalyptus_terebra,E_terebra,1.27,12,30.29,0.652,Eucalyptus
Eucalyptus_tereticornis,E_tereticornis,1.265,50,46.41,1.38,Eucalyptus
Eucalyptus_terrica,E_terrica,1.2,10,NA,NA,Eucalyptus
Eucalyptus_tetrapleura,E_tetrapleura,1.26,30,44.31,3.69,Eucalyptus
Eucalyptus_tetraptera,E_tetraptera,1.23,4,NA,3.71,Eucalyptus
Eucalyptus_tetrodonta,E_tetrodonta,NA,25,NA,15.385,Eucalyptus
Eucalyptus_thamnoides,E_thamnoides,1.26,4,28.035,0.514,Eucalyptus
Eucalyptus_tholiformis,E_tholiformis,1.32,15,52.92,NA,Eucalyptus
Eucalyptus_thozetiana,E_thozetiana,1.37,17,31.84,1.41,Eucalyptus
Eucalyptus_tindaliae,E_tindaliae,1.15,30,NA,4.9,Eucalyptus
Eucalyptus_tintinnans,E_tintinnans,NA,15,NA,NA,Eucalyptus
Eucalyptus_todtiana,E_todtiana,1.02,5,NA,6.8,Eucalyptus
Eucalyptus_torquata,E_torquata,1.36,12,NA,5.18,Eucalyptus
Eucalyptus_tortilis,E_tortilis,1.34,8,NA,0.702,Eucalyptus
Eucalyptus_trachybasis,E_trachybasis,NA,NA,26.91,NA,Eucalyptus
Eucalyptus_transcontinentalis,E_transcontinentalis,1.31,12,27.18,3.58466,Eucalyptus
Eucalyptus_tricarpa,E_tricarpa,1.28,35,47.2,0.642,Eucalyptus
Eucalyptus_triflora,E_triflora,1.14,12,NA,1.0604,Eucalyptus
Eucalyptus_trivalva,E_trivalva,1.27,NA,NA,NA,Eucalyptus
Eucalyptus_tumida,E_tumida,1.28,3,NA,0.7128,Eucalyptus
Eucalyptus_ultima,E_ultima,1.3,4,37.925,0.5196,Eucalyptus
Eucalyptus_umbra,E_umbra,1.07,25,NA,1.78074,Eucalyptus
Eucalyptus_umbrawarrensis,E_umbrawarrensis,1.2,18,NA,2.5,Eucalyptus
Eucalyptus_uncinata,E_uncinata,1.216666667,7,NA,0.82,Eucalyptus
Eucalyptus_urna,E_urna,1.38,16,22.38,0.9236,Eucalyptus
Eucalyptus_urnigera,E_urnigera,NA,15,NA,NA,Eucalyptus
Eucalyptus_utilis,E_utilis,1.29,7,32.42,2.4332,Eucalyptus
Eucalyptus_valens,E_valens,1.32,10,18.82,1.328,Eucalyptus
Eucalyptus_varia,E_varia,1.23,5.5,40.16,0.40784,Eucalyptus
Eucalyptus_vegrandis,E_vegrandis,1.285,6,31.68,0.3752,Eucalyptus
Eucalyptus_vernicosa,E_vernicosa,NA,4,NA,NA,Eucalyptus
Eucalyptus_verrucata,E_verrucata,1.1,5,21.47,1.742,Eucalyptus
Eucalyptus_vesiculosa,E_vesiculosa,1.27,3,30.52,0.3554,Eucalyptus
Eucalyptus_vicina,E_vicina,1.19,8,39.28,0.274,Eucalyptus
Eucalyptus_victoriana,E_victoriana,1.1,20,25.82,2.1152,Eucalyptus
Eucalyptus_victrix,E_victrix,1.27,15,NA,0.6448,Eucalyptus
Eucalyptus_viminalis,E_viminalis,1.2,NA,61.79,18.57195,Eucalyptus
Eucalyptus_virens,E_virens,1.25,25,45.24,NA,Eucalyptus
Eucalyptus_virginea,E_virginea,1.14,20,NA,NA,Eucalyptus
Eucalyptus_viridis,E_viridis,1.28,8,37.27,0.995333333,Eucalyptus
Eucalyptus_vittata,E_vittata,1.32,NA,NA,0.83,Eucalyptus
Eucalyptus_vokesensis,E_vokesensis,1.33,7,28.97,NA,Eucalyptus
Eucalyptus_volcanica,E_volcanica,1.23,25,NA,1.9948,Eucalyptus
Eucalyptus_walshii,E_walshii,NA,NA,NA,0.1628,Eucalyptus
Eucalyptus_wandoo,E_wandoo,1.29,16.5,35.24,1.3508,Eucalyptus
Eucalyptus_watsoniana,E_watsoniana,NA,NA,39.96,NA,Eucalyptus
Eucalyptus_websteriana,E_websteriana,1.235,5,NA,2.2574,Eucalyptus
Eucalyptus_whitei,E_whitei,1.29,15,29.86,2.25,Eucalyptus
Eucalyptus_wilcoxii,E_wilcoxii,1.175,10,51.12,NA,Eucalyptus
Eucalyptus_williamsiana,E_williamsiana,1.16,20,26.03,2.4296,Eucalyptus
Eucalyptus_willisii,E_willisii,NA,14,40.2,0.8676,Eucalyptus
Eucalyptus_wimmerensis,E_wimmerensis,1.26,NA,34.79,0.14,Eucalyptus
Eucalyptus_woodwardii,E_woodwardii,1.31,10,NA,5.68,Eucalyptus
Eucalyptus_woollsiana,E_woollsiana,1.29,NA,NA,0.9,Eucalyptus
Eucalyptus_wubinensis,E_wubinensis,1.31,NA,19.47,1.2548,Eucalyptus
Eucalyptus_wyolensis,E_wyolensis,1.31,7,25.92,NA,Eucalyptus
Eucalyptus_xanthoclada,E_xanthoclada,NA,NA,31.33,NA,Eucalyptus
Eucalyptus_xanthonema,E_xanthonema,1.22,4,NA,0.3948,Eucalyptus
Eucalyptus_xerothermica,E_xerothermica,1.3,12,35.295,1.1812,Eucalyptus
Eucalyptus_yalatensis,E_yalatensis,1.32,4,29.02,5.92,Eucalyptus
Eucalyptus_yarraensis,E_yarraensis,1.17,15,NA,0.248,Eucalyptus
Eucalyptus_yilgarnensis,E_yilgarnensis,1.25,10,37.8,0.39756,Eucalyptus
Eucalyptus_youmanii,E_youmanii,1.15,20,NA,0.9856,Eucalyptus
Eucalyptus_youngiana,E_youngiana,1.27,10,28.89,9.86,Eucalyptus
Eucalyptus_yumbarrana,E_yumbarrana,1.34,8,20.14,1.15384,Eucalyptus
Eucalyptus_zopherophloia,E_zopherophloia,1.27,4,NA,0.896,Eucalyptus
Eucalyptopsis_papuana,E_papuana,NA,NA,NA,NA,NA
Stockwellia_quadrifida,S_quadrifida,NA,NA,NA,NA,NA
Allosyncarpia_ternata,A_ternata,NA,NA,NA,NA,NA